<?xml version="1.0" encoding="UTF-8"?>
<metadata>
  <groupId>com.quickblox</groupId>
  <artifactId>quickblox-android-sdk-videochat-webrtc</artifactId>
  <versioning>
    <release>3.3.2</release>
    <versions>
      <version>2.5</version>
      <version>2.5.1</version>
      <version>2.5.2</version>
      <version>2.6</version>
      <version>2.6.1</version>
      <version>3.0</version>
      <version>3.1.0</version>
      <version>3.2.0</version>
      <version>3.3.0</version>
      <version>3.3.1</version>
      <version>3.3.2</version>
    </versions>
    <lastUpdated>20170410135049</lastUpdated>
  </versioning>
</metadata>
